Timestamp,Predicted_Age,Predicted_Gender
2024-06-22 15:49:31,76+,woman
2024-06-22 15:49:32,13-25,woman
2024-06-22 15:49:32,13-25,woman
2024-06-22 15:49:32,13-25,woman
2024-06-22 15:49:32,13-25,woman
2024-06-22 15:49:33,76+,woman
2024-06-22 15:49:33,76+,woman
2024-06-22 15:49:33,76+,woman
2024-06-22 15:49:33,76+,woman
2024-06-22 15:49:34,76+,woman
2024-06-22 15:49:34,76+,woman
2024-06-22 15:49:34,66-75,woman
2024-06-22 15:49:34,66-75,woman
2024-06-22 15:49:35,66-75,woman
2024-06-22 15:49:35,66-75,woman
2024-06-22 15:49:35,66-75,woman
2024-06-22 15:49:35,66-75,woman
2024-06-22 15:49:36,66-75,woman
2024-06-22 15:49:36,66-75,woman
2024-06-22 15:49:36,66-75,woman
2024-06-22 15:49:36,66-75,woman
2024-06-22 15:49:36,66-75,woman
2024-06-22 15:49:37,66-75,woman
2024-06-22 15:49:37,66-75,woman
2024-06-22 15:49:37,66-75,woman
2024-06-22 15:49:37,66-75,woman
2024-06-22 15:49:43,36-45,woman
2024-06-22 15:49:43,36-45,woman
2024-06-22 15:49:43,36-45,woman
2024-06-22 15:49:44,66-75,woman
2024-06-22 15:49:44,36-45,woman
2024-06-22 15:49:44,66-75,woman
2024-06-22 15:49:44,66-75,woman
2024-06-22 15:49:44,36-45,woman
2024-06-22 15:49:45,36-45,woman
2024-06-22 15:49:45,36-45,woman
2024-06-22 15:49:50,66-75,woman
2024-06-22 15:49:50,66-75,woman
2024-06-22 15:49:50,66-75,woman
2024-06-22 15:49:51,66-75,woman
2024-06-22 15:49:51,66-75,woman
2024-06-22 15:49:51,66-75,woman
2024-06-22 15:49:51,76+,woman
2024-06-22 15:49:52,66-75,woman
2024-06-22 15:49:52,66-75,woman
2024-06-22 15:49:52,66-75,woman
2024-06-22 15:49:52,66-75,woman
2024-06-22 15:49:53,66-75,woman
2024-06-22 15:49:53,66-75,woman
2024-06-22 15:49:53,66-75,woman
2024-06-22 15:49:53,66-75,woman
2024-06-22 15:49:54,66-75,woman
2024-06-22 15:49:54,76+,woman
2024-06-22 15:49:54,76+,woman
2024-06-22 15:49:54,66-75,woman
2024-06-22 15:49:54,66-75,woman
2024-06-22 15:49:55,66-75,woman
2024-06-22 15:49:55,66-75,woman
2024-06-22 15:49:55,76+,woman
2024-06-22 15:49:55,76+,woman
2024-06-22 15:50:00,66-75,woman
2024-06-22 15:50:01,66-75,woman
2024-06-22 15:50:01,66-75,woman
2024-06-22 15:50:01,66-75,woman
2024-06-22 15:50:01,76+,woman
2024-06-22 15:50:02,76+,woman
